id,riskMark,useCert
com.ucyDA.gNLGD.oQsbzPe.nQd,UNKNOWN,68802adde35845d76eeb172ff8ea6825
com.Beze.rCOE.ugTRJN,UNKNOWN,d8e654984321f6aac312a897071191f0
com.xQFQAAw.DEZb.hfJ,UNKNOWN,1ef0e106653b871d429cfab0cd5ea70a
com.eEP.RFpik.KeIpzN,UNKNOWN,e6261711da404b34bf64a51322b948a8
com.uLeo.roWR,UNKNOWN,bd8cc63024c7a1d4adb3d08f0f4d4827
com.zqF.cdLYgOF.MtLDghd,UNKNOWN,0aa4e4d45dda77ac95312330194288ab
com.SWpIf.JHaV,UNKNOWN,496651284d41f79f438c1bdb2455e396
com.DDKcBu.QjY.qHAbzi,UNKNOWN,6429c394f8a48816d33a603c241a649b
com.SOa.dVM,UNKNOWN,a780d3304e9194cd75bbefbc14f7448a
com.VQITh.WgPxBrF,UNKNOWN,48b04141a59af51ac85eff121170dbc3
com.fxUOGvZ.PCaQ.TXrj.PdT,UNKNOWN,5c19603e3f367a447d0cb4390a523f28
com.CYUwwpj.ceCCEm.LCtzt.NCrUKX,赌博,33fdf452aa9cd145ba096c364a250ee8
com.PqVRLi.DoyW.eJdi.kbCiQAa,UNKNOWN,319cca4fbb083c8edad5b4ba79a35f44
com.jCccw.GXsB.oexWvz,UNKNOWN,f4bf7aba69bdf4416b72e26b07b4f433
com.DVoO.qGtaIxt.QxTBjkf.DqXIG,UNKNOWN,09123f2ed94dfd9b864721b648fb1126
com.EifHnhL.sBPZQKJ,UNKNOWN,39962316d77bde821809135990093b43
com.wfZt.mvVN.xVleF,UNKNOWN,bbeb59fa2d6812ec1ed4719f34add059
com.munvAn.snWdtpN,UNKNOWN,caf61b631cbc475cac8a52f599a2bb8e
com.MOZCFW.IUaibb.KzZSnY.amFFfV,UNKNOWN,2d037e49d84c54d9a49f931d2ab9aeb4
com.gZi.UeQMoE,UNKNOWN,d6c1be17a64ed67455d1ae32585fd319
com.CDWOPw.ilZeWYm,UNKNOWN,5e042ebff7524bf7e8113e18a52a0c7f
com.nSc.QuQlxi.CpmDkko,UNKNOWN,5353b254cf59a3c68852b23cb99044b4
com.uiXJ.lBdg.MDQP.XSNIfa,UNKNOWN,232a3bfd30ea9903b4e337304781a110
com.SeIT.Xdg.kZGt,UNKNOWN,a545349cbcfc5db326e3805323563f5b
com.UlRgM.qRjN,UNKNOWN,f47d826a7d0bf564d545aabbdc59b100
com.iySo.rDQ,UNKNOWN,61da57b4bfdd0c37669933563942b54b
com.FtseGg.URbin.mdWFR.IuecfgL,诈骗,d43fa10d0fba10e4269965ed3f918f03
com.OcjhcuV.WZW.BJjqc,UNKNOWN,d1481df7a36986973817ab3437e5dccf
com.wmILvI.bmSMQwN.IFTjoO.SzxV,UNKNOWN,c35569e87960cc0ecc2d1c8360839b77
com.ODxX.sMuQ.zHFsmh,UNKNOWN,e559e014a77010cc7b46d8d5cc75ee58
com.fnLk.wLR,UNKNOWN,68802adde35845d76eeb172ff8ea6825
com.LjWx.fird,UNKNOWN,d8e654984321f6aac312a897071191f0
com.oStEmG.may,诈骗,1ef0e106653b871d429cfab0cd5ea70a
com.ulSQ.TpT.AVWN.wFx,UNKNOWN,e6261711da404b34bf64a51322b948a8
com.ozV.BLidWEz.mljCOjX,UNKNOWN,bd8cc63024c7a1d4adb3d08f0f4d4827
com.oxT.ssqc.SEtMBHk.xKfAaX,UNKNOWN,0aa4e4d45dda77ac95312330194288ab
com.LRtfLw.YvXfs.HvAXx.rOGcKoS,UNKNOWN,496651284d41f79f438c1bdb2455e396
com.aCl.toMv,诈骗,6429c394f8a48816d33a603c241a649b
com.ALc.fbFw.gFpDFS.mGILge,UNKNOWN,a780d3304e9194cd75bbefbc14f7448a
com.GBrVXU.OuPq.uLIsMOl,UNKNOWN,48b04141a59af51ac85eff121170dbc3
com.UwA.qzbTFnD.hgpEVa,诈骗,5c19603e3f367a447d0cb4390a523f28
com.tPgB.tvX.IdExzR,UNKNOWN,33fdf452aa9cd145ba096c364a250ee8
com.hzqe.ICVhK.xMo.XBh,UNKNOWN,319cca4fbb083c8edad5b4ba79a35f44
com.jSLN.HqtQjM.qVg,UNKNOWN,f4bf7aba69bdf4416b72e26b07b4f433
com.tcwXsGA.VEnrcro.qdwlr.xghg,UNKNOWN,09123f2ed94dfd9b864721b648fb1126
com.PzDwi.MmfEGNw.AKh,UNKNOWN,39962316d77bde821809135990093b43
com.lUnba.Ndf.VNcE.REHzRS,UNKNOWN,bbeb59fa2d6812ec1ed4719f34add059
com.Ftz.noWA.huas.VSJx,UNKNOWN,caf61b631cbc475cac8a52f599a2bb8e
com.cxl.OldGm.mZUbXH.BBeXRY,UNKNOWN,2d037e49d84c54d9a49f931d2ab9aeb4
com.uXRvst.CCNPm.EPS.gvunChq,UNKNOWN,d6c1be17a64ed67455d1ae32585fd319
com.SMJUd.bXqg,UNKNOWN,5e042ebff7524bf7e8113e18a52a0c7f
com.ESzMNuY.SYo.oBmam.OsGXGIq,UNKNOWN,5353b254cf59a3c68852b23cb99044b4
com.CfZnrE.ZmivpvA.gvSKVd.RWYz,UNKNOWN,232a3bfd30ea9903b4e337304781a110
com.YXE.ktP.rfyNDc,UNKNOWN,a545349cbcfc5db326e3805323563f5b
com.rfewZSw.lJiraID.dNQgDK.DomA,UNKNOWN,f47d826a7d0bf564d545aabbdc59b100
com.HzmlfS.bDKVZn.UWL,UNKNOWN,61da57b4bfdd0c37669933563942b54b
com.jCaW.WAW,UNKNOWN,d43fa10d0fba10e4269965ed3f918f03
com.TVsB.QyuNDnw,UNKNOWN,d1481df7a36986973817ab3437e5dccf
com.mvusN.AWI,UNKNOWN,c35569e87960cc0ecc2d1c8360839b77
com.QEXHw.hTHYrk.bHlelkF,UNKNOWN,e559e014a77010cc7b46d8d5cc75ee58
com.WMxwmNh.Tsoy.jYYaDS,UNKNOWN,68802adde35845d76eeb172ff8ea6825
com.NvJIp.BfQ.WBZrN.ZAuCq,UNKNOWN,d8e654984321f6aac312a897071191f0
com.vjQce.fgIRvO.drQ,UNKNOWN,1ef0e106653b871d429cfab0cd5ea70a
com.QHfxGH.PZrfRUm.fPkBnI,UNKNOWN,e6261711da404b34bf64a51322b948a8
com.MRDPVP.GkGi.YsGr.KjS,UNKNOWN,bd8cc63024c7a1d4adb3d08f0f4d4827
com.eUnClaZ.qKnTZo.odtzxn.ugflGzh,UNKNOWN,0aa4e4d45dda77ac95312330194288ab
com.xDlJdj.xLrqn.nLXEd.BKTjK,UNKNOWN,496651284d41f79f438c1bdb2455e396
com.ejbB.XiXG.YpwDqvR,UNKNOWN,6429c394f8a48816d33a603c241a649b
com.gVX.IOnVfwW.wDJ.WjAumX,UNKNOWN,a780d3304e9194cd75bbefbc14f7448a
com.rMrjL.WBNgY,UNKNOWN,48b04141a59af51ac85eff121170dbc3
com.iPRSuY.TxKh.fbJKge.LocNYA,UNKNOWN,5c19603e3f367a447d0cb4390a523f28
com.cuFnZ.qzU.RukHVw,UNKNOWN,33fdf452aa9cd145ba096c364a250ee8
com.BnhyDS.kmia,UNKNOWN,319cca4fbb083c8edad5b4ba79a35f44
com.ajdr.YYHWu.SLk.nVcikT,UNKNOWN,f4bf7aba69bdf4416b72e26b07b4f433
com.HszKCQS.asaxIEi.qKF,UNKNOWN,09123f2ed94dfd9b864721b648fb1126
com.KbNHHR.WCxw.vheP.ATl,UNKNOWN,39962316d77bde821809135990093b43
com.qzIepN.PaAx.AXUg,UNKNOWN,bbeb59fa2d6812ec1ed4719f34add059
com.CKvgkvi.Zmsh.yYgQUrE.PJfTHy,UNKNOWN,caf61b631cbc475cac8a52f599a2bb8e
com.fMv.yCK.uqyxf,UNKNOWN,2d037e49d84c54d9a49f931d2ab9aeb4
com.rQlBib.mgHXZSM.kOI.mRPaxx,UNKNOWN,d6c1be17a64ed67455d1ae32585fd319
com.GlRuL.lZX.SkwaNw,UNKNOWN,5e042ebff7524bf7e8113e18a52a0c7f
com.QIh.UEa,UNKNOWN,5353b254cf59a3c68852b23cb99044b4
com.cdJ.sOfBFeP,UNKNOWN,232a3bfd30ea9903b4e337304781a110
com.eCdvTn.glI,UNKNOWN,a545349cbcfc5db326e3805323563f5b
com.SmV.BjTKn,UNKNOWN,f47d826a7d0bf564d545aabbdc59b100
com.NaDdlkQ.tFe.kqod.VXKF,UNKNOWN,61da57b4bfdd0c37669933563942b54b
com.ETJbez.ptc.IzIyj.KsPJ,UNKNOWN,d43fa10d0fba10e4269965ed3f918f03
com.PFfm.dVCYO,UNKNOWN,d1481df7a36986973817ab3437e5dccf
com.iHZQbY.ljM.pFerT,UNKNOWN,c35569e87960cc0ecc2d1c8360839b77
com.QmrTh.stsUb.SgajGt,UNKNOWN,e559e014a77010cc7b46d8d5cc75ee58
com.ZxVl.Sgu,UNKNOWN,68802adde35845d76eeb172ff8ea6825
com.Wvb.lTe.EMKeOX.VvaQje,UNKNOWN,d8e654984321f6aac312a897071191f0
com.qelI.mjf.LGyhA,UNKNOWN,1ef0e106653b871d429cfab0cd5ea70a
com.LXra.PrgEnR.zxhB.fdiYv,UNKNOWN,e6261711da404b34bf64a51322b948a8
com.vDz.QHdfao.DQQ.Wvmu,UNKNOWN,bd8cc63024c7a1d4adb3d08f0f4d4827
com.scgFbUX.iGBsVA,UNKNOWN,0aa4e4d45dda77ac95312330194288ab
com.DRjvlr.RPTUvGU,UNKNOWN,496651284d41f79f438c1bdb2455e396
com.gIb.WJntyj,UNKNOWN,6429c394f8a48816d33a603c241a649b
com.lArfEuw.iwK.sKCode,UNKNOWN,a780d3304e9194cd75bbefbc14f7448a
com.Zbxgl.zhKoRUm.iTxi.wqEc,UNKNOWN,48b04141a59af51ac85eff121170dbc3
com.YkwJ.rtP.yAegheA,UNKNOWN,5c19603e3f367a447d0cb4390a523f28
com.BQaCXdx.gvd.LpRq,UNKNOWN,33fdf452aa9cd145ba096c364a250ee8
com.nQPs.pQOIT,UNKNOWN,319cca4fbb083c8edad5b4ba79a35f44
com.XSGnGo.JVhhH.vES,UNKNOWN,f4bf7aba69bdf4416b72e26b07b4f433
com.HAhw.yAy.LQBtmN,UNKNOWN,09123f2ed94dfd9b864721b648fb1126
com.YTNhE.YrWkVeq.OEgAtZ.VvCem,UNKNOWN,39962316d77bde821809135990093b43
com.dwS.xvakWzU,UNKNOWN,bbeb59fa2d6812ec1ed4719f34add059
com.BIJkQdV.xYUmhtk.SrNF,UNKNOWN,caf61b631cbc475cac8a52f599a2bb8e
com.guj.FlcApk,UNKNOWN,2d037e49d84c54d9a49f931d2ab9aeb4
com.KuNCLw.fwXLHQW,UNKNOWN,d6c1be17a64ed67455d1ae32585fd319
com.eaw.PVw.bXJ.hDYDAi,UNKNOWN,5e042ebff7524bf7e8113e18a52a0c7f
com.kYU.WSGAKM.pIxsfOW,UNKNOWN,5353b254cf59a3c68852b23cb99044b4
com.JhS.axJPg,UNKNOWN,232a3bfd30ea9903b4e337304781a110
com.VdG.fUEsuJ.pVl,UNKNOWN,a545349cbcfc5db326e3805323563f5b
com.JHBW.wcnGVPN.KKvsk,UNKNOWN,f47d826a7d0bf564d545aabbdc59b100
com.aAqyadi.Xax.lGq,UNKNOWN,61da57b4bfdd0c37669933563942b54b
com.zmh.PVwb.mwFwN.TKoDTB,UNKNOWN,d43fa10d0fba10e4269965ed3f918f03
com.tCVZqs.jYpArFR,UNKNOWN,d1481df7a36986973817ab3437e5dccf
com.BOWN.LPy,UNKNOWN,c35569e87960cc0ecc2d1c8360839b77
com.EYTGIxg.tlUdQ,UNKNOWN,e559e014a77010cc7b46d8d5cc75ee58
com.gRvOsM.gPQ.BExKTwJ.vAZ,UNKNOWN,68802adde35845d76eeb172ff8ea6825
com.AyjAfXd.IeWMYnJ,UNKNOWN,d8e654984321f6aac312a897071191f0
com.kahwNaO.txanm,UNKNOWN,1ef0e106653b871d429cfab0cd5ea70a
com.iohMc.TTOTeG.qGUW,UNKNOWN,e6261711da404b34bf64a51322b948a8
com.ZmMRtj.OMrxV,UNKNOWN,bd8cc63024c7a1d4adb3d08f0f4d4827
com.gCazlI.KtAZHqQ,UNKNOWN,0aa4e4d45dda77ac95312330194288ab
com.durIh.TXeyAPi,UNKNOWN,496651284d41f79f438c1bdb2455e396
com.VUqhNMH.qWYYs.aZV.wgTs,UNKNOWN,6429c394f8a48816d33a603c241a649b
com.RmyO.qmymKP,UNKNOWN,a780d3304e9194cd75bbefbc14f7448a
com.HFG.UFD,UNKNOWN,48b04141a59af51ac85eff121170dbc3
com.LxwArYe.Rwb.YCqRqYN.JPYh,UNKNOWN,5c19603e3f367a447d0cb4390a523f28
com.PptLPkx.PcZlo,UNKNOWN,33fdf452aa9cd145ba096c364a250ee8
com.ojsIE.iXtM.PadfxZb.zyhMkr,UNKNOWN,319cca4fbb083c8edad5b4ba79a35f44
com.QOwRJb.lypOh.UyYhvpt.DvLMJQj,UNKNOWN,f4bf7aba69bdf4416b72e26b07b4f433
com.ngMIdl.gsEiTdg.gmL,UNKNOWN,09123f2ed94dfd9b864721b648fb1126
com.dBKd.ogigSET,UNKNOWN,39962316d77bde821809135990093b43
com.TlyOa.pmX.xeYYIY.eRUxHk,UNKNOWN,bbeb59fa2d6812ec1ed4719f34add059
com.mFMkFST.PhTI.hfki,UNKNOWN,caf61b631cbc475cac8a52f599a2bb8e
com.NxMZaGA.meO,UNKNOWN,2d037e49d84c54d9a49f931d2ab9aeb4
com.FVzSmz.cDdP.Cpq,UNKNOWN,d6c1be17a64ed67455d1ae32585fd319
com.UvAtHQ.RuOpQR.XKUeg.dmRe,UNKNOWN,5e042ebff7524bf7e8113e18a52a0c7f
com.QNRht.OsYjYO.hqdPSyn.BqwoeLP,UNKNOWN,5353b254cf59a3c68852b23cb99044b4
com.MCpqFJ.yKSLAv.LFqbc.TOk,UNKNOWN,232a3bfd30ea9903b4e337304781a110
com.WINT.zcLyOqr,UNKNOWN,a545349cbcfc5db326e3805323563f5b
com.NWebK.gWWl.vWe,UNKNOWN,f47d826a7d0bf564d545aabbdc59b100
com.cavnpG.OlgiQvo.RyFTFZ,UNKNOWN,61da57b4bfdd0c37669933563942b54b
com.NxU.VlZFCbG,UNKNOWN,d43fa10d0fba10e4269965ed3f918f03
com.crESbe.MjtSUmw,UNKNOWN,d1481df7a36986973817ab3437e5dccf
com.udMv.yOuz.ENda,UNKNOWN,c35569e87960cc0ecc2d1c8360839b77
com.kXotA.mYqoYM,UNKNOWN,e559e014a77010cc7b46d8d5cc75ee58
com.Yirmf.MZx.NKC.Xqp,赌博,68802adde35845d76eeb172ff8ea6825
com.Qui.xVqHHg.rOEq,UNKNOWN,d8e654984321f6aac312a897071191f0
com.bbwX.RQKiEDm.kLra.erWENrB,UNKNOWN,1ef0e106653b871d429cfab0cd5ea70a
com.GXTH.EBc.QzzGFy,UNKNOWN,e6261711da404b34bf64a51322b948a8
com.GdFvJkr.aaRL.OpKN.HcX,UNKNOWN,bd8cc63024c7a1d4adb3d08f0f4d4827
com.GCShCn.jhW.mcq.wsw,UNKNOWN,0aa4e4d45dda77ac95312330194288ab
com.vMjcFig.LdkyF.SexObk,UNKNOWN,496651284d41f79f438c1bdb2455e396
com.CvB.caokCRk.JKuGrs.jGGd,UNKNOWN,6429c394f8a48816d33a603c241a649b
com.VIovdB.UdzB.ZPCx.HBbN,UNKNOWN,a780d3304e9194cd75bbefbc14f7448a
com.ljxEjyx.ocPw.IyRjB,UNKNOWN,48b04141a59af51ac85eff121170dbc3
com.ziNtg.tSIuhlG,赌博,5c19603e3f367a447d0cb4390a523f28
com.gXfPLQ.MnIQp,UNKNOWN,33fdf452aa9cd145ba096c364a250ee8
com.HrTmWIY.uLI.gipKmbi,UNKNOWN,319cca4fbb083c8edad5b4ba79a35f44
com.oma.oNNcRa.SfQcf.uQB,UNKNOWN,f4bf7aba69bdf4416b72e26b07b4f433
com.mssawU.bgsSkf.WoKqOP,UNKNOWN,09123f2ed94dfd9b864721b648fb1126
com.ILBMAV.jWnst.zgL.GzmA,UNKNOWN,39962316d77bde821809135990093b43
com.pWJU.qiqMJ,诈骗,bbeb59fa2d6812ec1ed4719f34add059
com.kMfQFs.upatZ.mYwiOO,UNKNOWN,caf61b631cbc475cac8a52f599a2bb8e
com.WMybu.gFrNmc.ooU,UNKNOWN,2d037e49d84c54d9a49f931d2ab9aeb4
com.cBL.Gwh,UNKNOWN,d6c1be17a64ed67455d1ae32585fd319
com.qbteqrJ.mivZ.kpRqNG,UNKNOWN,5e042ebff7524bf7e8113e18a52a0c7f
com.FMfTYR.cuEcPs,UNKNOWN,5353b254cf59a3c68852b23cb99044b4
com.COccyS.EAh.qTBdS.nnqaFdw,UNKNOWN,232a3bfd30ea9903b4e337304781a110
com.OAaBh.pRtk.HdLSX,UNKNOWN,a545349cbcfc5db326e3805323563f5b
com.HOfs.aOnwJ.fFHM.QoXx,赌博,f47d826a7d0bf564d545aabbdc59b100
com.WQGce.HvYc,UNKNOWN,61da57b4bfdd0c37669933563942b54b
com.LmQg.LWHcc.FOcAB.ons,UNKNOWN,d43fa10d0fba10e4269965ed3f918f03
com.jMexx.FRicP.wKYe.wDHARn,UNKNOWN,d1481df7a36986973817ab3437e5dccf
com.lBbJt.eiQaiwa.TxU.ZQZrzl,UNKNOWN,c35569e87960cc0ecc2d1c8360839b77
com.frjJg.GUwFwiz.XpINHTV,UNKNOWN,e559e014a77010cc7b46d8d5cc75ee58
com.lfA.RFgv.qOrJG,UNKNOWN,68802adde35845d76eeb172ff8ea6825
com.Subfe.ZEq,UNKNOWN,d8e654984321f6aac312a897071191f0
com.xLmr.YFNLYZ.oHLMGp,UNKNOWN,1ef0e106653b871d429cfab0cd5ea70a
com.vjDhLC.jGFxUaH,UNKNOWN,e6261711da404b34bf64a51322b948a8
com.Mrrxw.vWuT,UNKNOWN,bd8cc63024c7a1d4adb3d08f0f4d4827
com.xHvW.LlqTGL.Beeqwuq.XlLw,UNKNOWN,0aa4e4d45dda77ac95312330194288ab
com.fhunx.mNXU.FGcZ.xRMO,UNKNOWN,496651284d41f79f438c1bdb2455e396
com.MdUhUX.TDvHepO,UNKNOWN,6429c394f8a48816d33a603c241a649b
com.iNLG.Fuq,UNKNOWN,a780d3304e9194cd75bbefbc14f7448a
com.fIpIpIE.dxvgTao.QLiBZFU,UNKNOWN,48b04141a59af51ac85eff121170dbc3
com.BCy.EEsNi.rOGR.FtPLY,UNKNOWN,5c19603e3f367a447d0cb4390a523f28
com.iJKsjJ.nDJQcZF.NTA.MFHsZ,UNKNOWN,33fdf452aa9cd145ba096c364a250ee8
com.hIlDn.QHDGjoP.OzO.VKYZw,UNKNOWN,319cca4fbb083c8edad5b4ba79a35f44
com.sPgAv.FOI.CDz,UNKNOWN,f4bf7aba69bdf4416b72e26b07b4f433
com.pDzTy.ZFf.zkPmm.bhxy,UNKNOWN,09123f2ed94dfd9b864721b648fb1126
com.GJQ.hSjXj.rFXrQv,UNKNOWN,39962316d77bde821809135990093b43
com.Qhi.IbPtqAm,UNKNOWN,bbeb59fa2d6812ec1ed4719f34add059
com.nhK.pWlo,UNKNOWN,caf61b631cbc475cac8a52f599a2bb8e
com.qIu.VJbJ,赌博,2d037e49d84c54d9a49f931d2ab9aeb4
com.dsrC.vfA.ERYiW,UNKNOWN,d6c1be17a64ed67455d1ae32585fd319
