id,umid,install
0,73:e8:91:b5:46:0a,"com.KuNCLw.fwXLHQW,com.JHBW.wcnGVPN.KKvsk,com.GXTH.EBc.QzzGFy,com.CYUwwpj.ceCCEm.LCtzt.NCrUKX,com.Yirmf.MZx.NKC.Xqp,com.ziNtg.tSIuhlG,com.HOfs.aOnwJ.fFHM.QoXx,com.qIu.VJbJ"
1,58:a7:3f:e8:1b:1f,"com.cavnpG.OlgiQvo.RyFTFZ,com.kYU.WSGAKM.pIxsfOW,com.OcjhcuV.WZW.BJjqc,com.bbwX.RQKiEDm.kLra.erWENrB,com.iohMc.TTOTeG.qGUW,com.LmQg.LWHcc.FOcAB.ons,com.RmyO.qmymKP,com.NvJIp.BfQ.WBZrN.ZAuCq,com.CYUwwpj.ceCCEm.LCtzt.NCrUKX,com.Yirmf.MZx.NKC.Xqp,com.ziNtg.tSIuhlG,com.HOfs.aOnwJ.fFHM.QoXx,com.qIu.VJbJ"
2,12:44:02:28:44:02,"com.HAhw.yAy.LQBtmN,com.kYU.WSGAKM.pIxsfOW,com.oxT.ssqc.SEtMBHk.xKfAaX,com.ESzMNuY.SYo.oBmam.OsGXGIq,com.kXotA.mYqoYM,com.WINT.zcLyOqr,com.TVsB.QyuNDnw,com.lBbJt.eiQaiwa.TxU.ZQZrzl,com.Subfe.ZEq,com.CYUwwpj.ceCCEm.LCtzt.NCrUKX,com.Yirmf.MZx.NKC.Xqp,com.ziNtg.tSIuhlG,com.HOfs.aOnwJ.fFHM.QoXx,com.qIu.VJbJ"
3,19:85:70:ea:bd:dc,"com.xQFQAAw.DEZb.hfJ,com.nhK.pWlo,com.hzqe.ICVhK.xMo.XBh,com.nSc.QuQlxi.CpmDkko,com.FMfTYR.cuEcPs,com.Yirmf.MZx.NKC.Xqp,com.vjQce.fgIRvO.drQ,com.QNRht.OsYjYO.hqdPSyn.BqwoeLP,com.CYUwwpj.ceCCEm.LCtzt.NCrUKX,com.Yirmf.MZx.NKC.Xqp,com.ziNtg.tSIuhlG,com.HOfs.aOnwJ.fFHM.QoXx,com.qIu.VJbJ"
4,31:1d:97:4a:d8:fd,"com.ulSQ.TpT.AVWN.wFx,com.YXE.ktP.rfyNDc,com.HFG.UFD,com.vjQce.fgIRvO.drQ,com.cuFnZ.qzU.RukHVw,com.WMxwmNh.Tsoy.jYYaDS,com.COccyS.EAh.qTBdS.nnqaFdw,com.CYUwwpj.ceCCEm.LCtzt.NCrUKX,com.Yirmf.MZx.NKC.Xqp,com.ziNtg.tSIuhlG,com.HOfs.aOnwJ.fFHM.QoXx,com.qIu.VJbJ"
5,fa:83:aa:6d:ea:0f,"com.gCazlI.KtAZHqQ,com.SeIT.Xdg.kZGt,com.ozV.BLidWEz.mljCOjX,com.LXra.PrgEnR.zxhB.fdiYv,com.lfA.RFgv.qOrJG,com.CYUwwpj.ceCCEm.LCtzt.NCrUKX,com.Yirmf.MZx.NKC.Xqp,com.ziNtg.tSIuhlG,com.HOfs.aOnwJ.fFHM.QoXx,com.qIu.VJbJ"
6,dc:b2:d9:09:25:9b,"com.iySo.rDQ,com.Ftz.noWA.huas.VSJx,com.HszKCQS.asaxIEi.qKF,com.EifHnhL.sBPZQKJ,com.CYUwwpj.ceCCEm.LCtzt.NCrUKX,com.Yirmf.MZx.NKC.Xqp,com.ziNtg.tSIuhlG,com.HOfs.aOnwJ.fFHM.QoXx,com.qIu.VJbJ"
7,34:45:d0:2a:8c:05,"com.pDzTy.ZFf.zkPmm.bhxy,com.DVoO.qGtaIxt.QxTBjkf.DqXIG,com.KbNHHR.WCxw.vheP.ATl,com.Beze.rCOE.ugTRJN,com.UvAtHQ.RuOpQR.XKUeg.dmRe,com.CYUwwpj.ceCCEm.LCtzt.NCrUKX,com.Yirmf.MZx.NKC.Xqp,com.ziNtg.tSIuhlG,com.HOfs.aOnwJ.fFHM.QoXx,com.qIu.VJbJ"
8,69:14:28:97:c8:50,"com.uXRvst.CCNPm.EPS.gvunChq,com.hzqe.ICVhK.xMo.XBh,com.LjWx.fird,com.qelI.mjf.LGyhA,com.CYUwwpj.ceCCEm.LCtzt.NCrUKX,com.Yirmf.MZx.NKC.Xqp,com.ziNtg.tSIuhlG,com.HOfs.aOnwJ.fFHM.QoXx,com.qIu.VJbJ"
9,c0:cd:89:19:76:32,"com.qzIepN.PaAx.AXUg,com.VdG.fUEsuJ.pVl,com.XSGnGo.JVhhH.vES,com.PzDwi.MmfEGNw.AKh,com.ILBMAV.jWnst.zgL.GzmA,com.tPgB.tvX.IdExzR,com.CYUwwpj.ceCCEm.LCtzt.NCrUKX,com.Yirmf.MZx.NKC.Xqp,com.ziNtg.tSIuhlG,com.HOfs.aOnwJ.fFHM.QoXx,com.qIu.VJbJ"
10,b0:d7:d6:88:4e:88,"com.NWebK.gWWl.vWe,com.Wvb.lTe.EMKeOX.VvaQje,com.aAqyadi.Xax.lGq,com.wfZt.mvVN.xVleF,com.tCVZqs.jYpArFR,com.TVsB.QyuNDnw,com.lfA.RFgv.qOrJG,com.jSLN.HqtQjM.qVg,com.CYUwwpj.ceCCEm.LCtzt.NCrUKX,com.Yirmf.MZx.NKC.Xqp,com.ziNtg.tSIuhlG,com.HOfs.aOnwJ.fFHM.QoXx,com.qIu.VJbJ"
11,ff:3a:2d:61:19:1f,"com.jSLN.HqtQjM.qVg,com.gRvOsM.gPQ.BExKTwJ.vAZ,com.CvB.caokCRk.JKuGrs.jGGd,com.GJQ.hSjXj.rFXrQv,com.gZi.UeQMoE,com.ZxVl.Sgu,com.NWebK.gWWl.vWe,com.CYUwwpj.ceCCEm.LCtzt.NCrUKX,com.Yirmf.MZx.NKC.Xqp,com.ziNtg.tSIuhlG,com.HOfs.aOnwJ.fFHM.QoXx,com.qIu.VJbJ"
12,4d:e0:49:48:af:11,"com.ETJbez.ptc.IzIyj.KsPJ,com.QOwRJb.lypOh.UyYhvpt.DvLMJQj,com.HrTmWIY.uLI.gipKmbi,com.vMjcFig.LdkyF.SexObk,com.PzDwi.MmfEGNw.AKh,com.jCaW.WAW,com.iySo.rDQ,com.CYUwwpj.ceCCEm.LCtzt.NCrUKX,com.Yirmf.MZx.NKC.Xqp,com.ziNtg.tSIuhlG,com.HOfs.aOnwJ.fFHM.QoXx,com.qIu.VJbJ"
13,12:a9:31:e0:c0:85,"com.Mrrxw.vWuT,com.VIovdB.UdzB.ZPCx.HBbN,com.CfZnrE.ZmivpvA.gvSKVd.RWYz,com.ALc.fbFw.gFpDFS.mGILge,com.CYUwwpj.ceCCEm.LCtzt.NCrUKX,com.Yirmf.MZx.NKC.Xqp,com.ziNtg.tSIuhlG,com.HOfs.aOnwJ.fFHM.QoXx,com.qIu.VJbJ"
14,81:aa:a2:e9:f6:b9,"com.nhK.pWlo,com.DRjvlr.RPTUvGU,com.CYUwwpj.ceCCEm.LCtzt.NCrUKX,com.Yirmf.MZx.NKC.Xqp,com.ziNtg.tSIuhlG,com.HOfs.aOnwJ.fFHM.QoXx,com.qIu.VJbJ"
15,fa:c1:3b:43:62:2b,"com.dsrC.vfA.ERYiW,com.dBKd.ogigSET,com.iJKsjJ.nDJQcZF.NTA.MFHsZ,com.SMJUd.bXqg,com.JhS.axJPg,com.CYUwwpj.ceCCEm.LCtzt.NCrUKX,com.Yirmf.MZx.NKC.Xqp,com.ziNtg.tSIuhlG,com.HOfs.aOnwJ.fFHM.QoXx,com.qIu.VJbJ"
16,d2:6f:f5:ad:a2:b7,"com.NaDdlkQ.tFe.kqod.VXKF,com.ESzMNuY.SYo.oBmam.OsGXGIq,com.mssawU.bgsSkf.WoKqOP,com.QmrTh.stsUb.SgajGt,com.fnLk.wLR,com.FMfTYR.cuEcPs,com.Yirmf.MZx.NKC.Xqp,com.crESbe.MjtSUmw,com.CYUwwpj.ceCCEm.LCtzt.NCrUKX,com.Yirmf.MZx.NKC.Xqp,com.ziNtg.tSIuhlG,com.HOfs.aOnwJ.fFHM.QoXx,com.qIu.VJbJ"
17,ac:1f:77:2c:ae:15,"com.NxMZaGA.meO,com.aCl.toMv,com.CYUwwpj.ceCCEm.LCtzt.NCrUKX,com.Yirmf.MZx.NKC.Xqp,com.ziNtg.tSIuhlG,com.HOfs.aOnwJ.fFHM.QoXx,com.qIu.VJbJ"
18,3f:19:2c:3f:02:a6,"com.GdFvJkr.aaRL.OpKN.HcX,com.xQFQAAw.DEZb.hfJ,com.fhunx.mNXU.FGcZ.xRMO,com.uiXJ.lBdg.MDQP.XSNIfa,com.dwS.xvakWzU,com.ESzMNuY.SYo.oBmam.OsGXGIq,com.zqF.cdLYgOF.MtLDghd,com.iNLG.Fuq,com.RmyO.qmymKP,com.tcwXsGA.VEnrcro.qdwlr.xghg,com.CYUwwpj.ceCCEm.LCtzt.NCrUKX,com.Yirmf.MZx.NKC.Xqp,com.ziNtg.tSIuhlG,com.HOfs.aOnwJ.fFHM.QoXx,com.qIu.VJbJ"
19,79:8e:ce:f0:df:e8,"com.eUnClaZ.qKnTZo.odtzxn.ugflGzh,com.PqVRLi.DoyW.eJdi.kbCiQAa,com.kMfQFs.upatZ.mYwiOO,com.ejbB.XiXG.YpwDqvR,com.xLmr.YFNLYZ.oHLMGp,com.EifHnhL.sBPZQKJ,com.Wvb.lTe.EMKeOX.VvaQje,com.crESbe.MjtSUmw,com.ucyDA.gNLGD.oQsbzPe.nQd,com.cuFnZ.qzU.RukHVw,com.CYUwwpj.ceCCEm.LCtzt.NCrUKX,com.Yirmf.MZx.NKC.Xqp,com.ziNtg.tSIuhlG,com.HOfs.aOnwJ.fFHM.QoXx,com.qIu.VJbJ"
20,da:fb:67:4e:c6:1c,"com.jCccw.GXsB.oexWvz,com.LxwArYe.Rwb.YCqRqYN.JPYh,com.PFfm.dVCYO,com.gXfPLQ.MnIQp,com.qIu.VJbJ,com.hzqe.ICVhK.xMo.XBh,com.fnLk.wLR,com.CfZnrE.ZmivpvA.gvSKVd.RWYz,com.cxl.OldGm.mZUbXH.BBeXRY,com.CYUwwpj.ceCCEm.LCtzt.NCrUKX,com.Yirmf.MZx.NKC.Xqp,com.ziNtg.tSIuhlG,com.HOfs.aOnwJ.fFHM.QoXx,com.qIu.VJbJ"
21,b5:73:c2:a4:46:a0,"com.ZxVl.Sgu,com.TlyOa.pmX.xeYYIY.eRUxHk,com.LxwArYe.Rwb.YCqRqYN.JPYh,com.GJQ.hSjXj.rFXrQv,com.wmILvI.bmSMQwN.IFTjoO.SzxV,com.eaw.PVw.bXJ.hDYDAi,com.Mrrxw.vWuT,com.COccyS.EAh.qTBdS.nnqaFdw,com.CYUwwpj.ceCCEm.LCtzt.NCrUKX,com.Yirmf.MZx.NKC.Xqp,com.ziNtg.tSIuhlG,com.HOfs.aOnwJ.fFHM.QoXx,com.qIu.VJbJ"
22,f6:28:a1:74:4e:b2,"com.bbwX.RQKiEDm.kLra.erWENrB,com.ljxEjyx.ocPw.IyRjB,com.CYUwwpj.ceCCEm.LCtzt.NCrUKX,com.Yirmf.MZx.NKC.Xqp,com.ziNtg.tSIuhlG,com.HOfs.aOnwJ.fFHM.QoXx,com.qIu.VJbJ"
23,c4:fa:65:8f:82:fc,"com.BQaCXdx.gvd.LpRq,com.QHfxGH.PZrfRUm.fPkBnI,com.CYUwwpj.ceCCEm.LCtzt.NCrUKX,com.Yirmf.MZx.NKC.Xqp,com.ziNtg.tSIuhlG,com.HOfs.aOnwJ.fFHM.QoXx,com.qIu.VJbJ"
24,74:e3:70:9a:5f:7d,"com.VIovdB.UdzB.ZPCx.HBbN,com.hIlDn.QHDGjoP.OzO.VKYZw,com.jSLN.HqtQjM.qVg,com.LXra.PrgEnR.zxhB.fdiYv,com.MdUhUX.TDvHepO,com.JHBW.wcnGVPN.KKvsk,com.gRvOsM.gPQ.BExKTwJ.vAZ,com.uLeo.roWR,com.TVsB.QyuNDnw,com.CYUwwpj.ceCCEm.LCtzt.NCrUKX,com.Yirmf.MZx.NKC.Xqp,com.ziNtg.tSIuhlG,com.HOfs.aOnwJ.fFHM.QoXx,com.qIu.VJbJ"
25,ff:92:d5:e1:48:aa,"com.Mrrxw.vWuT,com.sPgAv.FOI.CDz,com.munvAn.snWdtpN,com.UwA.qzbTFnD.hgpEVa,com.lArfEuw.iwK.sKCode,com.CYUwwpj.ceCCEm.LCtzt.NCrUKX,com.Yirmf.MZx.NKC.Xqp,com.ziNtg.tSIuhlG,com.HOfs.aOnwJ.fFHM.QoXx,com.qIu.VJbJ"
26,eb:9d:b8:d4:ed:5b,"com.SMJUd.bXqg,com.vjQce.fgIRvO.drQ,com.wmILvI.bmSMQwN.IFTjoO.SzxV,com.NWebK.gWWl.vWe,com.lArfEuw.iwK.sKCode,com.frjJg.GUwFwiz.XpINHTV,com.scgFbUX.iGBsVA,com.pDzTy.ZFf.zkPmm.bhxy,com.CYUwwpj.ceCCEm.LCtzt.NCrUKX,com.Yirmf.MZx.NKC.Xqp,com.ziNtg.tSIuhlG,com.HOfs.aOnwJ.fFHM.QoXx,com.qIu.VJbJ"
27,97:dc:9e:fd:0f:27,"com.iySo.rDQ,com.HzmlfS.bDKVZn.UWL,com.CYUwwpj.ceCCEm.LCtzt.NCrUKX,com.Yirmf.MZx.NKC.Xqp,com.ziNtg.tSIuhlG,com.HOfs.aOnwJ.fFHM.QoXx,com.qIu.VJbJ"
28,48:ae:84:5c:96:aa,"com.kahwNaO.txanm,com.pDzTy.ZFf.zkPmm.bhxy,com.CYUwwpj.ceCCEm.LCtzt.NCrUKX,com.Yirmf.MZx.NKC.Xqp,com.ziNtg.tSIuhlG,com.HOfs.aOnwJ.fFHM.QoXx,com.qIu.VJbJ"
29,0b:49:7c:1c:be:fb,"com.ngMIdl.gsEiTdg.gmL,com.jMexx.FRicP.wKYe.wDHARn,com.GCShCn.jhW.mcq.wsw,com.GlRuL.lZX.SkwaNw,com.zqF.cdLYgOF.MtLDghd,com.eCdvTn.glI,com.CYUwwpj.ceCCEm.LCtzt.NCrUKX,com.Yirmf.MZx.NKC.Xqp,com.ziNtg.tSIuhlG,com.HOfs.aOnwJ.fFHM.QoXx,com.qIu.VJbJ"
30,54:61:d7:0d:08:f2,"com.wmILvI.bmSMQwN.IFTjoO.SzxV,com.qbteqrJ.mivZ.kpRqNG,com.CDWOPw.ilZeWYm,com.QOwRJb.lypOh.UyYhvpt.DvLMJQj,com.cuFnZ.qzU.RukHVw,com.GlRuL.lZX.SkwaNw"
31,87:a5:c1:2b:e1:e8,"com.ALc.fbFw.gFpDFS.mGILge,com.LjWx.fird,com.Wvb.lTe.EMKeOX.VvaQje,com.PptLPkx.PcZlo,com.YXE.ktP.rfyNDc,com.GdFvJkr.aaRL.OpKN.HcX,com.mssawU.bgsSkf.WoKqOP,com.gXfPLQ.MnIQp,com.kahwNaO.txanm"
32,9f:fb:e8:8f:fb:c5,"com.COccyS.EAh.qTBdS.nnqaFdw,com.uXRvst.CCNPm.EPS.gvunChq,com.QEXHw.hTHYrk.bHlelkF,com.xQFQAAw.DEZb.hfJ,com.zqF.cdLYgOF.MtLDghd,com.NWebK.gWWl.vWe"
33,1c:98:72:79:47:c6,"com.iPRSuY.TxKh.fbJKge.LocNYA,com.HszKCQS.asaxIEi.qKF,com.FtseGg.URbin.mdWFR.IuecfgL,com.uLeo.roWR,com.GlRuL.lZX.SkwaNw,com.nSc.QuQlxi.CpmDkko"
34,69:3e:c1:83:d7:75,"com.eaw.PVw.bXJ.hDYDAi,com.ETJbez.ptc.IzIyj.KsPJ,com.uiXJ.lBdg.MDQP.XSNIfa,com.cuFnZ.qzU.RukHVw,com.GlRuL.lZX.SkwaNw"
35,d7:30:d6:89:01:2c,"com.uXRvst.CCNPm.EPS.gvunChq,com.iNLG.Fuq"
36,bf:e3:65:80:fa:b6,"com.cuFnZ.qzU.RukHVw,com.WMxwmNh.Tsoy.jYYaDS,com.DDKcBu.QjY.qHAbzi,com.fIpIpIE.dxvgTao.QLiBZFU,com.vjDhLC.jGFxUaH,com.VQITh.WgPxBrF,com.LXra.PrgEnR.zxhB.fdiYv,com.QHfxGH.PZrfRUm.fPkBnI,com.UvAtHQ.RuOpQR.XKUeg.dmRe"
37,51:0b:ca:0f:6f:d8,"com.PqVRLi.DoyW.eJdi.kbCiQAa,com.mvusN.AWI"
38,c3:84:9a:6f:4d:65,"com.pDzTy.ZFf.zkPmm.bhxy,com.GXTH.EBc.QzzGFy,com.durIh.TXeyAPi,com.iohMc.TTOTeG.qGUW,com.Beze.rCOE.ugTRJN,com.cxl.OldGm.mZUbXH.BBeXRY,com.SOa.dVM"
39,3d:f4:f9:f8:80:bf,"com.iHZQbY.ljM.pFerT,com.frjJg.GUwFwiz.XpINHTV,com.VIovdB.UdzB.ZPCx.HBbN,com.fnLk.wLR,com.fMv.yCK.uqyxf,com.gVX.IOnVfwW.wDJ.WjAumX,com.nSc.QuQlxi.CpmDkko"
40,5b:a3:03:b2:9a:68,"com.uiXJ.lBdg.MDQP.XSNIfa,com.cdJ.sOfBFeP,com.qelI.mjf.LGyhA,com.Qhi.IbPtqAm,com.NWebK.gWWl.vWe,com.EifHnhL.sBPZQKJ"
41,4e:90:ed:2d:49:6e,"com.ZxVl.Sgu,com.iJKsjJ.nDJQcZF.NTA.MFHsZ"
42,82:53:e6:a6:3e:b1,"com.Qhi.IbPtqAm,com.SWpIf.JHaV,com.fMv.yCK.uqyxf,com.rMrjL.WBNgY,com.HAhw.yAy.LQBtmN,com.nQPs.pQOIT,com.PFfm.dVCYO,com.tcwXsGA.VEnrcro.qdwlr.xghg,com.eEP.RFpik.KeIpzN,com.fhunx.mNXU.FGcZ.xRMO"
43,04:79:e6:11:3e:d5,"com.SMJUd.bXqg,com.GBrVXU.OuPq.uLIsMOl,com.fMv.yCK.uqyxf,com.OcjhcuV.WZW.BJjqc,com.ngMIdl.gsEiTdg.gmL,com.CKvgkvi.Zmsh.yYgQUrE.PJfTHy,com.WINT.zcLyOqr,com.nSc.QuQlxi.CpmDkko"
44,88:ce:40:39:a6:8d,"com.Mrrxw.vWuT,com.VIovdB.UdzB.ZPCx.HBbN,com.uXRvst.CCNPm.EPS.gvunChq,com.YXE.ktP.rfyNDc"
45,7f:12:05:c4:2c:38,"com.oma.oNNcRa.SfQcf.uQB,com.kMfQFs.upatZ.mYwiOO,com.AyjAfXd.IeWMYnJ,com.cBL.Gwh,com.zmh.PVwb.mwFwN.TKoDTB,com.RmyO.qmymKP,com.SWpIf.JHaV"
46,10:da:2d:88:e5:c3,"com.PqVRLi.DoyW.eJdi.kbCiQAa,com.MdUhUX.TDvHepO,com.gXfPLQ.MnIQp,com.UlRgM.qRjN"
47,ab:90:e6:8a:bd:38,"com.bbwX.RQKiEDm.kLra.erWENrB,com.ngMIdl.gsEiTdg.gmL,com.lArfEuw.iwK.sKCode"
48,b2:0a:b2:89:b6:e0,"com.MOZCFW.IUaibb.KzZSnY.amFFfV,com.ILBMAV.jWnst.zgL.GzmA,com.RmyO.qmymKP,com.EYTGIxg.tlUdQ,com.qzIepN.PaAx.AXUg,com.wfZt.mvVN.xVleF,com.DRjvlr.RPTUvGU,com.uXRvst.CCNPm.EPS.gvunChq,com.Mrrxw.vWuT,com.ljxEjyx.ocPw.IyRjB"
49,0e:23:7e:51:62:1c,"com.qIu.VJbJ,com.mssawU.bgsSkf.WoKqOP,com.PFfm.dVCYO"
50,98:c0:3b:a7:fd:65,"com.DVoO.qGtaIxt.QxTBjkf.DqXIG,com.QOwRJb.lypOh.UyYhvpt.DvLMJQj"
51,29:2e:d1:34:b0:97,"com.Yirmf.MZx.NKC.Xqp,com.nSc.QuQlxi.CpmDkko,com.HzmlfS.bDKVZn.UWL,com.qelI.mjf.LGyhA,com.mvusN.AWI,com.nhK.pWlo,com.ozV.BLidWEz.mljCOjX,com.jSLN.HqtQjM.qVg,com.CfZnrE.ZmivpvA.gvSKVd.RWYz"
52,75:f8:ce:bb:d6:e1,"com.CvB.caokCRk.JKuGrs.jGGd,com.MRDPVP.GkGi.YsGr.KjS,com.BnhyDS.kmia,com.ESzMNuY.SYo.oBmam.OsGXGIq,com.ojsIE.iXtM.PadfxZb.zyhMkr,com.HszKCQS.asaxIEi.qKF"
53,f7:55:de:18:5f:af,"com.PptLPkx.PcZlo,com.GlRuL.lZX.SkwaNw,com.DDKcBu.QjY.qHAbzi,com.qbteqrJ.mivZ.kpRqNG,com.SmV.BjTKn"
54,3b:3c:26:4a:49:63,"com.GdFvJkr.aaRL.OpKN.HcX,com.munvAn.snWdtpN,com.gVX.IOnVfwW.wDJ.WjAumX,com.MCpqFJ.yKSLAv.LFqbc.TOk,com.dwS.xvakWzU,com.gCazlI.KtAZHqQ,com.OAaBh.pRtk.HdLSX,com.TVsB.QyuNDnw"
55,e1:2c:63:d2:1b:e1,"com.HAhw.yAy.LQBtmN,com.cxl.OldGm.mZUbXH.BBeXRY,com.PFfm.dVCYO,com.xHvW.LlqTGL.Beeqwuq.XlLw,com.rQlBib.mgHXZSM.kOI.mRPaxx,com.JhS.axJPg,com.WQGce.HvYc,com.jCccw.GXsB.oexWvz,com.tcwXsGA.VEnrcro.qdwlr.xghg"
56,9f:9d:9d:34:4b:d2,"com.HFG.UFD,com.tCVZqs.jYpArFR,com.QmrTh.stsUb.SgajGt,com.PzDwi.MmfEGNw.AKh,com.fMv.yCK.uqyxf,com.WMxwmNh.Tsoy.jYYaDS"
57,e3:47:9d:65:32:c8,"com.jCaW.WAW,com.VUqhNMH.qWYYs.aZV.wgTs"
58,96:ef:39:27:55:cd,"com.GBrVXU.OuPq.uLIsMOl,com.DRjvlr.RPTUvGU,com.qelI.mjf.LGyhA,com.OAaBh.pRtk.HdLSX,com.pWJU.qiqMJ,com.ajdr.YYHWu.SLk.nVcikT,com.MCpqFJ.yKSLAv.LFqbc.TOk,com.rMrjL.WBNgY,com.BQaCXdx.gvd.LpRq,com.iySo.rDQ"
59,83:63:df:97:0d:c7,"com.lArfEuw.iwK.sKCode,com.tCVZqs.jYpArFR,com.tcwXsGA.VEnrcro.qdwlr.xghg,com.pDzTy.ZFf.zkPmm.bhxy,com.ALc.fbFw.gFpDFS.mGILge,com.HrTmWIY.uLI.gipKmbi,com.SmV.BjTKn,com.uiXJ.lBdg.MDQP.XSNIfa,com.nQPs.pQOIT"
60,4b:f6:fe:2e:1a:d0,"com.fnLk.wLR,com.rfewZSw.lJiraID.dNQgDK.DomA,com.XSGnGo.JVhhH.vES,com.Yirmf.MZx.NKC.Xqp,com.PFfm.dVCYO"
61,7f:23:aa:68:10:d1,"com.cavnpG.OlgiQvo.RyFTFZ,com.gZi.UeQMoE"
62,4a:5b:b4:63:54:22,"com.LxwArYe.Rwb.YCqRqYN.JPYh,com.iySo.rDQ,com.mFMkFST.PhTI.hfki,com.hzqe.ICVhK.xMo.XBh,com.nQPs.pQOIT,com.vDz.QHdfao.DQQ.Wvmu,com.cBL.Gwh,com.oma.oNNcRa.SfQcf.uQB"
63,14:6a:62:65:8f:ba,"com.HrTmWIY.uLI.gipKmbi,com.kMfQFs.upatZ.mYwiOO,com.tcwXsGA.VEnrcro.qdwlr.xghg"
64,92:6d:9b:7b:9d:51,"com.DDKcBu.QjY.qHAbzi,com.iPRSuY.TxKh.fbJKge.LocNYA"
65,01:57:14:4a:e3:f5,"com.crESbe.MjtSUmw,com.LXra.PrgEnR.zxhB.fdiYv,com.zqF.cdLYgOF.MtLDghd"
66,1c:59:57:bd:2a:44,"com.ojsIE.iXtM.PadfxZb.zyhMkr,com.Ftz.noWA.huas.VSJx,com.dsrC.vfA.ERYiW,com.uLeo.roWR,com.frjJg.GUwFwiz.XpINHTV,com.fnLk.wLR,com.VdG.fUEsuJ.pVl"
67,dd:77:15:c3:f4:f3,"com.nQPs.pQOIT,com.SeIT.Xdg.kZGt,com.cxl.OldGm.mZUbXH.BBeXRY,com.oxT.ssqc.SEtMBHk.xKfAaX,com.lUnba.Ndf.VNcE.REHzRS,com.QIh.UEa,com.UlRgM.qRjN,com.gVX.IOnVfwW.wDJ.WjAumX"
68,85:d2:63:c6:9a:c0,"com.SeIT.Xdg.kZGt,com.NxMZaGA.meO,com.ulSQ.TpT.AVWN.wFx"
69,50:ba:e8:d7:07:17,"com.ulSQ.TpT.AVWN.wFx,com.EYTGIxg.tlUdQ,com.rfewZSw.lJiraID.dNQgDK.DomA,com.NxMZaGA.meO,com.ZmMRtj.OMrxV,com.dsrC.vfA.ERYiW,com.qIu.VJbJ"
70,07:7c:27:b9:28:98,"com.NxMZaGA.meO,com.ulSQ.TpT.AVWN.wFx,com.nSc.QuQlxi.CpmDkko,com.KbNHHR.WCxw.vheP.ATl,com.gRvOsM.gPQ.BExKTwJ.vAZ,com.WINT.zcLyOqr,com.HFG.UFD,com.OAaBh.pRtk.HdLSX"
71,a1:95:68:66:fe:5e,"com.ljxEjyx.ocPw.IyRjB,com.iNLG.Fuq,com.vDz.QHdfao.DQQ.Wvmu,com.HAhw.yAy.LQBtmN,com.rfewZSw.lJiraID.dNQgDK.DomA,com.PqVRLi.DoyW.eJdi.kbCiQAa"
72,86:84:06:c2:d2:25,"com.ETJbez.ptc.IzIyj.KsPJ,com.gXfPLQ.MnIQp,com.CYUwwpj.ceCCEm.LCtzt.NCrUKX,com.YTNhE.YrWkVeq.OEgAtZ.VvCem,com.dsrC.vfA.ERYiW,com.WINT.zcLyOqr,com.FMfTYR.cuEcPs,com.QNRht.OsYjYO.hqdPSyn.BqwoeLP"
73,d1:a6:dc:dc:38:4e,"com.SWpIf.JHaV,com.OAaBh.pRtk.HdLSX,com.GCShCn.jhW.mcq.wsw,com.fMv.yCK.uqyxf,com.zmh.PVwb.mwFwN.TKoDTB,com.qbteqrJ.mivZ.kpRqNG,com.QNRht.OsYjYO.hqdPSyn.BqwoeLP,com.tPgB.tvX.IdExzR,com.NxU.VlZFCbG"
74,01:88:ba:23:dd:1e,"com.EYTGIxg.tlUdQ,com.RmyO.qmymKP,com.GXTH.EBc.QzzGFy,com.ESzMNuY.SYo.oBmam.OsGXGIq,com.VUqhNMH.qWYYs.aZV.wgTs,com.Zbxgl.zhKoRUm.iTxi.wqEc"
75,05:a9:c7:7e:8c:25,"com.EifHnhL.sBPZQKJ,com.PzDwi.MmfEGNw.AKh,com.DRjvlr.RPTUvGU,com.LxwArYe.Rwb.YCqRqYN.JPYh,com.VIovdB.UdzB.ZPCx.HBbN,com.SWpIf.JHaV"
76,66:af:7f:32:31:e6,"com.nQPs.pQOIT,com.HrTmWIY.uLI.gipKmbi,com.vMjcFig.LdkyF.SexObk,com.DRjvlr.RPTUvGU,com.dwS.xvakWzU,com.QOwRJb.lypOh.UyYhvpt.DvLMJQj"
77,a1:17:e6:fe:2a:d8,"com.CvB.caokCRk.JKuGrs.jGGd,com.ZmMRtj.OMrxV,com.Zbxgl.zhKoRUm.iTxi.wqEc,com.COccyS.EAh.qTBdS.nnqaFdw,com.HFG.UFD,com.DVoO.qGtaIxt.QxTBjkf.DqXIG,com.Yirmf.MZx.NKC.Xqp"
78,f0:75:3c:0e:78:8b,"com.GdFvJkr.aaRL.OpKN.HcX,com.KuNCLw.fwXLHQW,com.FVzSmz.cDdP.Cpq,com.VdG.fUEsuJ.pVl"
79,0b:34:dc:13:e5:9c,"com.YTNhE.YrWkVeq.OEgAtZ.VvCem,com.lUnba.Ndf.VNcE.REHzRS,com.ZmMRtj.OMrxV,com.RmyO.qmymKP,com.BIJkQdV.xYUmhtk.SrNF"
80,47:28:9e:9e:c8:b9,"com.zmh.PVwb.mwFwN.TKoDTB,com.kMfQFs.upatZ.mYwiOO"
81,1b:71:15:31:bc:b8,"com.qelI.mjf.LGyhA,com.Zbxgl.zhKoRUm.iTxi.wqEc,com.eEP.RFpik.KeIpzN,com.tCVZqs.jYpArFR,com.UlRgM.qRjN"
82,79:e2:68:3c:34:c5,"com.eaw.PVw.bXJ.hDYDAi,com.SmV.BjTKn"
83,a2:f9:5d:64:3b:28,"com.DVoO.qGtaIxt.QxTBjkf.DqXIG,com.BnhyDS.kmia,com.PzDwi.MmfEGNw.AKh,com.GBrVXU.OuPq.uLIsMOl,com.oma.oNNcRa.SfQcf.uQB,com.iNLG.Fuq,com.uLeo.roWR,com.dBKd.ogigSET"
84,97:7d:78:d4:35:54,"com.cBL.Gwh,com.TVsB.QyuNDnw"
85,d0:72:f8:a9:6b:65,"com.UwA.qzbTFnD.hgpEVa,com.NvJIp.BfQ.WBZrN.ZAuCq,com.hzqe.ICVhK.xMo.XBh,com.CvB.caokCRk.JKuGrs.jGGd,com.ETJbez.ptc.IzIyj.KsPJ,com.bbwX.RQKiEDm.kLra.erWENrB"
86,6a:cc:9a:6c:d9:36,"com.gZi.UeQMoE,com.GdFvJkr.aaRL.OpKN.HcX"
87,23:6f:60:59:26:d0,"com.Wvb.lTe.EMKeOX.VvaQje,com.frjJg.GUwFwiz.XpINHTV"
88,3b:a4:fa:01:b1:74,"com.gRvOsM.gPQ.BExKTwJ.vAZ,com.uiXJ.lBdg.MDQP.XSNIfa,com.iySo.rDQ,com.QOwRJb.lypOh.UyYhvpt.DvLMJQj,com.XSGnGo.JVhhH.vES,com.iHZQbY.ljM.pFerT,com.pWJU.qiqMJ,com.GBrVXU.OuPq.uLIsMOl,com.MRDPVP.GkGi.YsGr.KjS"
89,1c:d4:25:ec:2e:b5,"com.QOwRJb.lypOh.UyYhvpt.DvLMJQj,com.DDKcBu.QjY.qHAbzi,com.iPRSuY.TxKh.fbJKge.LocNYA,com.MCpqFJ.yKSLAv.LFqbc.TOk,com.NvJIp.BfQ.WBZrN.ZAuCq,com.VUqhNMH.qWYYs.aZV.wgTs,com.eaw.PVw.bXJ.hDYDAi,com.Qui.xVqHHg.rOEq,com.ajdr.YYHWu.SLk.nVcikT"
90,31:7b:a3:98:e6:ec,"com.crESbe.MjtSUmw,com.fIpIpIE.dxvgTao.QLiBZFU,com.Wvb.lTe.EMKeOX.VvaQje,com.cxl.OldGm.mZUbXH.BBeXRY,com.gRvOsM.gPQ.BExKTwJ.vAZ,com.DVoO.qGtaIxt.QxTBjkf.DqXIG,com.QNRht.OsYjYO.hqdPSyn.BqwoeLP,com.ILBMAV.jWnst.zgL.GzmA,com.eUnClaZ.qKnTZo.odtzxn.ugflGzh,com.xDlJdj.xLrqn.nLXEd.BKTjK"
91,5b:6a:d3:ef:b3:5c,"com.qIu.VJbJ,com.Beze.rCOE.ugTRJN,com.guj.FlcApk,com.LxwArYe.Rwb.YCqRqYN.JPYh,com.Wvb.lTe.EMKeOX.VvaQje,com.wfZt.mvVN.xVleF,com.hzqe.ICVhK.xMo.XBh,com.HrTmWIY.uLI.gipKmbi"
92,f0:7a:e7:a5:e8:19,"com.gVX.IOnVfwW.wDJ.WjAumX,com.qelI.mjf.LGyhA,com.DRjvlr.RPTUvGU,com.QNRht.OsYjYO.hqdPSyn.BqwoeLP,com.QHfxGH.PZrfRUm.fPkBnI,com.ljxEjyx.ocPw.IyRjB,com.vjDhLC.jGFxUaH,com.CKvgkvi.Zmsh.yYgQUrE.PJfTHy"
93,48:12:f1:3f:dd:a3,"com.HszKCQS.asaxIEi.qKF,com.WQGce.HvYc,com.MCpqFJ.yKSLAv.LFqbc.TOk"
94,83:34:b6:42:5e:8a,"com.uXRvst.CCNPm.EPS.gvunChq,com.BIJkQdV.xYUmhtk.SrNF,com.Zbxgl.zhKoRUm.iTxi.wqEc"
95,1e:b3:3e:5a:08:c3,"com.CDWOPw.ilZeWYm,com.VUqhNMH.qWYYs.aZV.wgTs,com.lUnba.Ndf.VNcE.REHzRS,com.eEP.RFpik.KeIpzN,com.jMexx.FRicP.wKYe.wDHARn,com.iySo.rDQ"
96,5e:1d:44:cb:2c:db,"com.mFMkFST.PhTI.hfki,com.tCVZqs.jYpArFR,com.ETJbez.ptc.IzIyj.KsPJ,com.vMjcFig.LdkyF.SexObk,com.DRjvlr.RPTUvGU,com.xLmr.YFNLYZ.oHLMGp,com.Ftz.noWA.huas.VSJx"
97,ec:08:a0:8c:5c:69,"com.fnLk.wLR,com.Subfe.ZEq,com.qbteqrJ.mivZ.kpRqNG,com.AyjAfXd.IeWMYnJ,com.ajdr.YYHWu.SLk.nVcikT,com.DRjvlr.RPTUvGU,com.eCdvTn.glI,com.durIh.TXeyAPi"
98,d1:d7:0e:3e:54:20,"com.mFMkFST.PhTI.hfki,com.ziNtg.tSIuhlG,com.jMexx.FRicP.wKYe.wDHARn,com.tcwXsGA.VEnrcro.qdwlr.xghg"
99,9c:f7:fc:28:d1:61,"com.HAhw.yAy.LQBtmN,com.GBrVXU.OuPq.uLIsMOl,com.ljxEjyx.ocPw.IyRjB,com.LRtfLw.YvXfs.HvAXx.rOGcKoS,com.NxMZaGA.meO,com.ODxX.sMuQ.zHFsmh,com.PzDwi.MmfEGNw.AKh,com.pDzTy.ZFf.zkPmm.bhxy,com.eaw.PVw.bXJ.hDYDAi,com.OAaBh.pRtk.HdLSX"
